Artist Name,Track Name,Popularity,danceability,energy,key,loudness,mode,speechiness,acousticness,instrumentalness,liveness,valence,tempo,duration_in min/ms,time_signature,Class,Release Year,YT_Likes,YT_Views
Juice WRLD,Life's A Mess (feat. Halsey),77.0,0.63,0.446,1.0,-8.9,1,0.0351,0.337,,0.166,0.177,143.078,202193.0,4,5,2020,"1,558,911","108,796,209"
Drake,Passionfruit,81.0,0.809,0.463,11.0,-11.377,1,0.0396,0.256,0.085,0.109,0.364,111.98,4.98235,4,9,2017,"2,747,230","410,329,826"
Post Malone,Motley Crew,90.0,0.797,0.631,3.0,-3.818,0,0.0786,0.0904,3.71e-06,0.0998,0.288,129.915,3.07021667,4,9,2021,"1,283,651","113,586,161"
Olivia Rodrigo,good 4 u,99.0,0.563,0.664,9.0,-5.044,1,0.154,0.335,,0.0849,0.688,166.928,2.96911667,4,9,2021,"11,098,007","773,591,065"
Noah Cyrus,July,83.0,0.708,0.186,9.0,-8.953,0,0.042,0.868,,0.0779,0.322,72.541,156106.0,4,9,2019,"1,540,598","122,949,402"
The Weeknd,Save Your Tears,93.0,0.68,0.826,,-5.487,1,0.0309,0.0212,1.24e-05,0.543,0.644,118.051,215627.0,4,9,2020,"2,699,016","365,257,705"
The Lumineers,Ho Hey,75.0,0.682,0.471,,-9.182,1,0.0301,0.765,,0.0908,0.421,79.907,163133.0,4,9,2012,"2,847,630","370,952,126"
Black Pumas,Colors,66.0,0.546,0.696,4.0,-6.537,1,0.0335,0.0887,1.84e-05,0.195,0.596,89.882,246587.0,4,10,2019,"2,585,653","291,742,629"
BTS,Butter,,0.759,0.459,8.0,-5.187,1,0.0948,0.00323,,0.0906,0.695,109.997,164442.0,4,9,2021,"27,744,989","1,175,755,478"
The Killers,Mr. Brightside,82.0,0.352,0.911,1.0,-5.23,1,0.0747,0.00121,,0.0995,0.236,148.033,222973.0,4,10,2004,"1,687,112","183,968,852"
21 Savage,Runnin,80.0,0.819,0.626,10.0,-4.574,0,0.202,0.00748,0.101,0.167,0.415,143.01,195906.0,4,5,2020,"1,851,789","155,865,473"
Lauv,I Like Me Better,83.0,0.752,0.505,9.0,-7.621,1,0.253,0.535,2.55e-06,0.104,0.419,91.97,197437.0,4,9,2017,"7,077,307","837,720,618"
Gotye,Somebody That I Used To Know,80.0,0.865,0.521,,-6.932,1,0.0371,0.548,0.000115,0.0989,0.748,129.059,244885.0,4,9,2011,"22,532,779","2,729,174,469"
Sam Hunt,Body Like A Back Road,75.0,0.732,0.458,5.0,-7.225,1,0.0311,0.447,,0.136,0.661,98.938,2.75645,4,4,2017,"1,528,388","340,287,969"
THE SCOTTS,THE SCOTTS,82.0,0.716,0.537,,-7.648,0,0.0514,0.233,,0.157,0.28,129.979,165978.0,4,9,2020,,
Young Stoner Life,Solid (feat. Drake),86.0,0.887,0.485,11.0,-9.358,0,0.2,0.0392,,0.141,0.328,125.987,215693.0,4,5,2021,"15,329","932,111"
Post Malone,Circles,88.0,0.695,0.762,,-3.497,1,0.0395,0.192,0.00244,0.0863,0.553,120.042,215280.0,4,9,2019,"8,490,012","1,116,323,669"
Stellar,Ashes,76.0,0.712,0.568,5.0,-7.864,0,0.0546,0.0947,,0.169,0.46,130.019,166356.0,4,9,2020,"2,201,213","182,898,963"
Doja Cat,Kiss Me More (feat. SZA),98.0,0.762,0.701,8.0,-3.541,1,0.0286,0.235,0.000158,0.123,0.742,110.968,208867.0,4,5,2021,"2,540,592","307,855,103"
Ed Sheeran,Shape of You,86.0,0.825,0.652,1.0,-3.183,0,0.0802,0.581,,0.0931,0.931,95.977,233713.0,4,9,2017,"45,770,887","8,013,997,219"
Tame Impala,The Less I Know The Better,84.0,0.64,0.74,4.0,-4.083,1,0.0284,0.0115,0.00678,0.167,0.785,116.879,216320.0,4,9,2015,"3,947,876","339,312,309"
Doja Cat,Need To Know,86.0,0.664,0.609,1.0,-6.509,1,0.0707,0.304,,0.0926,0.194,130.041,3.509333333,4,9,2021,"6,169,368","507,790,705"
Ellie Goulding,"Love Me Like You Do - From ""Fifty Shades Of Grey""",78.0,0.262,0.606,8.0,-6.646,1,0.0484,0.247,,0.125,0.275,189.857,252534.0,4,9,2015,"15,112,588","2,536,191,191"
Billie Eilish,Therefore I Am,88.0,0.889,0.34,11.0,-7.773,0,0.0697,0.218,0.13,0.055,0.716,94.009,174321.0,4,10,2020,"9,930,750","357,556,016"
Tesher,Jalebi Baby,77.0,0.68,0.895,2.0,-7.144,1,0.0378,0.0156,0.000374,0.145,0.824,93.037,189375.0,4,9,2020,"9,098,356","569,438,267"
Tion Wayne,"Body (Remix) [feat. ArrDee, E1 (3x3), ZT (3x3), Bugzy Malone, Buni, Fivio Foreign & Darkoo]",90.0,0.883,0.674,11.0,-8.043,0,0.357,0.21,,0.0678,0.73,141.02,278085.0,4,5,2021,"2,011,079","139,803,282"
Christina Perri,A Thousand Years,68.0,0.423,0.407,10.0,-7.45,1,0.0267,0.312,0.000961,0.11,0.161,139.048,285120.0,3,9,2011,"19,870,174","2,989,286,684"
Miley Cyrus,Midnight Sky,79.0,0.705,0.814,4.0,-5.466,0,0.0346,0.00115,0.00312,0.203,0.259,110.0,223279.0,4,10,2020,"2,670,514","301,362,454"
Masked Wolf,Astronaut In The Ocean,16.0,0.778,0.695,4.0,-6.865,0,0.0913,0.174,,0.151,0.472,149.996,2.213,4,9,2019,"13,378,087","1,001,433,936"
SAINt JHN,Roses - Imanbek Remix,47.0,0.784,0.721,8.0,-5.457,1,0.0506,0.0149,0.00424,0.285,0.895,121.966,176219.0,4,9,2019,"3,572,454","320,969,468"
The Kid LAROI,WITHOUT YOU,91.0,0.662,0.413,,-7.357,1,0.0299,0.213,,0.134,0.467,93.005,161385.0,4,9,2020,"2,768,029","201,781,716"
347aidan,Dancing in My Room,3.0,0.979,0.41,8.0,-11.056,0,0.112,0.658,3.42e-05,0.205,0.74,119.971,3.002033333,4,9,2020,"2,529,521","122,687,107"
Internet Money,"His & Hers (feat. Don Toliver, Lil Uzi Vert & Gunna)",78.0,0.792,0.707,7.0,-5.218,0,0.0623,0.116,,0.12,0.408,134.997,224042.0,4,5,2021,"830,423","49,154,791"
Marshmello,Leave Before You Love Me (with Jonas Brothers),,0.721,0.738,7.0,-4.77,1,0.0403,0.00226,4.41e-06,0.118,0.637,119.976,154983.0,4,9,2021,"2,020,373","269,892,715"
James Arthur,Say You Won't Let Go,55.0,0.358,0.557,10.0,-7.398,1,0.059,0.695,,0.0902,0.494,85.043,211467.0,4,9,2016,"11,898,213","2,083,619,058"
Billie Eilish,bad guy,87.0,0.701,0.425,7.0,-10.965,1,0.375,0.328,0.13,0.1,0.562,135.128,194088.0,4,9,2019,"26,239,833","1,779,243,626"
Lorde,Royals,76.0,0.674,0.428,7.0,-9.504,1,0.122,0.121,,0.132,0.337,84.878,190185.0,4,9,2012,"2,670,057","349,747,981"
BTS,Permission to Dance,95.0,0.702,0.741,9.0,-5.33,1,0.0427,0.00544,,0.337,0.646,124.925,3.12641667,4,9,2021,"29,073,682","881,072,427"
Gunna,DOLLAZ ON MY HEAD (feat. Young Thug),79.0,0.825,0.458,,-7.47,1,0.0577,0.114,,0.102,0.161,145.115,197760.0,4,5,2020,"807,191","85,842,981"
Jonas Brothers,Sucker,83.0,0.842,0.734,1.0,-5.065,0,0.0588,0.0427,,0.106,0.952,137.958,181027.0,4,9,2019,"9,661,491","641,158,161"
Saweetie,Best Friend (feat. Doja Cat),89.0,0.84,0.766,4.0,-4.12,1,0.136,0.00302,3.61e-06,0.0684,0.402,94.018,155884.0,4,9,2021,"4,921,945","480,128,955"
Sech,911,89.0,0.795,0.655,7.0,-3.815,1,0.0422,0.076,1.76e-06,0.296,0.744,93.029,215891.0,4,9,2021,"2,300,245","415,445,675"
Bakar,Hell N Back,75.0,0.584,0.684,10.0,-4.314,0,0.567,0.312,9.05e-05,0.112,0.72,210.164,213573.0,4,10,2019,"420,306","31,571,952"
Giveon,Heartbreak Anniversary,78.0,0.443,0.459,,-8.955,1,0.074,0.546,1.05e-06,0.307,0.565,87.064,3.30618333,5,9,2020,"1,488,878","158,131,164"
CJ,Whoopty,85.0,0.719,0.648,3.0,-7.6,0,0.125,0.2,,0.127,0.66,140.201,123263.0,4,9,2020,"8,889,460","810,607,861"
grandson,Blood // Water,80.0,0.51,0.882,8.0,-5.659,0,0.159,0.00158,0.00206,0.0764,0.653,154.029,216721.0,4,10,2017,"3,016,621","218,493,561"
J. Cole,p r i d e . i s . t h e . d e v i l (with Lil Baby),85.0,0.861,0.656,4.0,-7.867,0,0.425,0.104,,0.0986,0.331,88.967,218210.0,4,5,2021,"766,589","69,280,791"
Tom Odell,Another Love,84.0,0.445,0.537,4.0,-8.532,0,0.04,0.695,1.65e-05,0.0944,0.131,122.769,4.072666667,4,9,2012,"9,104,648","996,981,745"
Lady Gaga,Always Remember Us This Way,79.0,0.553,0.502,,-5.972,1,0.0409,0.299,,0.764,0.296,129.976,210200.0,4,9,2018,"4,676,578","824,308,720"
Khalid,Better,76.0,0.596,0.552,,-10.278,0,0.097,0.0765,0.334,0.104,0.112,97.949,229320.0,4,9,2018,"6,104,356","1,260,752,640"
P!nk,Cover Me In Sunshine,88.0,0.476,0.594,5.0,-6.879,1,0.135,0.0599,,0.0785,0.314,159.702,141050.0,4,9,2021,"1,213,873","115,408,379"
Luke Combs,When It Rains It Pours,77.0,0.551,0.801,6.0,-5.069,1,0.0303,0.013,6.03e-06,0.265,0.625,128.027,4.012666667,4,4,2017,"2,093,903","576,510,087"
OneRepublic,Run,82.0,0.682,0.72,11.0,-8.173,0,0.0381,0.326,,0.148,0.673,117.003,169011.0,4,9,2021,"892,974","99,979,912"
Surfaces,Sunday Best,82.0,0.878,0.525,5.0,-6.832,1,0.0578,0.183,,0.0714,0.694,112.022,158571.0,4,9,2018,"2,597,296","195,696,821"
Olivia Rodrigo,traitor,94.0,0.38,0.339,3.0,-7.885,1,0.0338,0.691,,0.12,0.0849,100.607,3.82045,4,9,2021,"7,451,635","500,794,182"
Tones And I,Fly Away,82.0,0.806,0.513,4.0,-6.208,1,0.0685,0.217,,0.217,0.503,124.988,178157.0,4,9,2020,"600,320","60,022,490"
Loud Luxury,Body,75.0,0.752,0.764,1.0,-4.399,1,0.038,0.0476,9.44e-05,0.0543,0.582,121.958,163216.0,4,9,2017,"1,776,887","295,487,246"
Martin Garrix,Summer Days (feat. Macklemore & Patrick Stump of Fall Out Boy),78.0,0.661,0.723,5.0,-6.976,0,0.0566,0.179,1.23e-05,0.14,0.316,113.778,163805.0,4,9,2019,"973,317","81,796,283"
BANNERS,Someone To You,79.0,0.52,0.903,2.0,-5.497,1,0.042,0.00517,,0.254,0.652,74.988,219801.0,4,9,2017,"2,631,856","219,305,472"
SZA,Good Days,89.0,0.436,0.655,1.0,-8.37,0,0.0583,0.499,8.1e-06,0.688,0.412,121.002,279204.0,4,5,2020,"2,947,859","295,872,840"
Bastille,Pompeii,74.0,0.679,0.715,9.0,-6.383,1,0.0407,0.0755,,0.271,0.571,127.435,214148.0,4,9,2013,"6,706,344","892,426,661"
Future,Life Is Good (feat. Drake),83.0,0.676,0.609,2.0,-5.831,0,0.481,0.0706,,0.152,0.508,142.037,237735.0,4,9,2020,"12,334,565","2,430,804,498"
Sleepy Hallow,2055,72.0,0.775,0.518,6.0,-5.857,0,0.311,0.455,,0.121,0.646,161.011,123987.0,4,5,2021,"1,450,642","168,936,854"
Meek Mill,Going Bad (feat. Drake),81.0,0.889,0.496,4.0,-6.365,0,0.0905,0.259,,0.252,0.544,86.003,180522.0,4,9,2018,"2,979,918","339,988,703"
Rammstein,DEUTSCHLAND,73.0,0.521,0.895,7.0,-5.242,1,0.0442,5.54e-05,0.349,0.0985,0.237,120.117,322340.0,4,10,2019,"3,950,188","370,078,966"
Trippie Redd,Miss The Rage (feat. Playboi Carti),88.0,0.584,0.859,8.0,-5.616,1,0.121,0.0144,,0.847,0.369,77.005,236883.0,4,9,2021,"3,367,746","171,889,127"
Joel Corry,Head & Heart (feat. MNEK),90.0,0.734,0.874,8.0,-3.158,1,0.0662,0.168,1.14e-05,0.0489,0.905,122.953,166028.0,4,9,2020,"1,650,951","362,915,972"
Niall Horan,Slow Hands,76.0,0.735,0.425,,-6.648,1,0.0464,0.011,,0.055,0.848,85.896,188174.0,4,9,2017,"3,528,279","304,206,080"
Taylor Swift,willow,81.0,0.392,0.574,7.0,-9.195,1,0.17,0.833,0.00179,0.145,0.529,81.112,214707.0,4,9,2020,"2,729,881","189,534,686"
Maren Morris,The Bones,75.0,0.561,0.597,11.0,-6.0,0,0.0405,0.286,,0.0979,0.355,76.826,197299.0,4,9,2019,"724,848","97,498,335"
Tai Verdes,A-O-K,71.0,0.731,0.626,11.0,-6.919,1,0.0805,0.125,,0.183,0.862,82.488,173640.0,4,9,2021,"162,382","12,456,282"
Glass Animals,Heat Waves,84.0,0.761,0.525,11.0,-6.9,1,0.0944,0.44,6.7e-06,0.0921,0.531,80.87,238805.0,4,9,2020,"14,947,520","1,272,898,075"
BENEE,Supalonely,79.0,0.863,0.631,7.0,-4.689,1,0.0534,0.305,3.04e-05,0.123,0.817,128.977,223480.0,4,9,2019,"4,622,840","363,250,356"
Disturbed,The Sound of Silence,73.0,0.322,0.28,6.0,-9.367,0,0.0281,0.468,1.1e-06,0.102,0.175,85.794,248467.0,4,8,2015,"9,765,818","1,442,138,188"
42 Dugg,Maybach (feat. Future),21.0,0.506,0.473,5.0,-9.79,1,0.331,0.0229,,0.15,0.199,100.535,199086.0,5,5,2021,"1,234,087","216,661,579"
Ed Sheeran,Thinking out Loud,83.0,0.781,0.445,2.0,-6.061,1,0.0295,0.474,,0.184,0.591,78.998,281560.0,4,9,2017,"15,214,286","3,777,105,479"
Chris Stapleton,Tennessee Whiskey,79.0,0.392,0.37,9.0,-10.888,1,0.0298,0.205,0.0096,0.0821,0.512,48.718,4.888216667,4,4,2015,"6,645,883","1,153,379,467"
Pop Smoke,What You Know Bout Love,87.0,0.709,0.548,10.0,-8.493,1,0.353,0.65,1.59e-06,0.133,0.543,83.995,160000.0,4,9,2020,"3,322,075","306,628,096"
Violent Femmes,Blister In The Sun,70.0,0.726,0.537,,-8.896,1,0.113,0.316,,0.0707,0.887,96.91,145707.0,4,6,2023,,
Rihanna,Stay,76.0,0.621,0.31,9.0,-10.164,0,0.0283,0.945,6.12e-05,0.117,0.125,111.893,240707.0,4,9,2012,"6,778,043","1,350,480,491"
Bebe Rexha,Meant to Be (feat. Florida Georgia Line),78.0,0.643,0.783,10.0,-6.458,1,0.0856,0.047,,0.083,0.579,154.084,163870.0,4,9,2017,"6,888,667","1,318,325,154"
Jason Mraz,I'm Yours,37.0,0.549,0.107,,-16.147,1,0.0844,0.957,,0.111,0.307,74.63,219053.0,4,9,2008,"1,614,148","359,866,287"
Sam Smith,Stay With Me,82.0,0.418,0.42,,-6.444,1,0.0414,0.588,6.39e-05,0.11,0.184,84.094,172724.0,4,9,2011,"1,603,354","212,889,507"
Kid Cudi,Day 'N' Nite (Nightmare),72.0,0.88,0.443,11.0,-6.359,0,0.0653,0.462,7.13e-06,0.122,0.803,138.018,3.687333333,4,9,2009,"2,261,189","348,950,018"
Dan + Shay,Tequila,5.0,0.423,0.835,11.0,-6.494,1,0.0878,0.229,,0.427,0.475,123.123,170103.0,4,9,2018,"456,799","54,165,764"
Lil Baby,Drip Too Hard (Lil Baby & Gunna),81.0,0.897,0.662,1.0,-6.903,0,0.292,0.0852,,0.534,0.389,112.511,145543.0,4,5,2018,"4,719,266","637,733,433"
JVLA,Such a Whore (Stellular Remix),76.0,0.624,0.614,2.0,-4.165,1,0.0448,0.00391,0.0278,0.187,0.139,168.87,147638.0,4,9,2020,"964,398","102,609,103"
Twenty One Pilots,Heathens,82.0,0.732,0.396,4.0,-9.348,0,0.0286,0.0841,3.58e-05,0.105,0.548,90.024,195920.0,4,9,2016,"21,763,865","2,624,180,055"
Sam Fischer,This City,83.0,0.605,0.377,11.0,-6.213,1,0.0443,0.733,,0.0808,0.519,73.877,194853.0,4,9,2018,"260,550","26,434,293"
Polo G,RAPSTAR,89.0,0.789,0.536,6.0,-6.862,1,0.242,0.41,,0.129,0.437,81.039,2.76543333,4,9,2021,"3,235,053","300,905,049"
Saweetie,Tap In,77.0,0.954,0.696,10.0,-7.117,0,0.204,0.00576,0.000498,0.0754,0.432,100.036,139413.0,4,5,2020,"1,546,430","134,077,658"
J. Cole,m y . l i f e (with 21 Savage & Morray),86.0,0.597,0.587,7.0,-7.026,0,0.137,0.0622,,0.214,0.0753,140.021,218802.0,4,9,2021,"910,889","78,305,305"
SLANDER,Love Is Gone - Acoustic,83.0,0.541,0.153,6.0,-10.654,1,0.0303,0.882,1.66e-06,0.16,0.359,139.644,176972.0,4,9,2019,"2,910,072","239,866,189"
Gorillaz,Feel Good Inc.,82.0,0.818,0.705,6.0,-6.679,1,0.177,0.00836,0.00233,0.613,0.772,138.559,222640.0,4,1,2005,"10,819,604","1,211,241,854"
JAY-Z,Numb / Encore,76.0,0.687,0.793,2.0,-4.254,1,0.166,0.0603,,0.582,0.751,107.045,205733.0,4,10,2024,,
Kevin Gates,Big Gangsta,80.0,0.879,0.574,10.0,-5.602,0,0.391,0.519,8.76e-06,0.144,0.346,144.911,243463.0,4,5,2019,"2,146,409","261,079,023"
Sam Smith,Too Good At Goodbyes,80.0,0.681,0.372,5.0,-8.237,1,0.0432,0.64,,0.169,0.476,91.873,201000.0,4,9,2017,"11,184,649","1,988,375,859"
Calvin Harris,Promises (with Sam Smith),78.0,0.781,0.768,11.0,-5.991,1,0.0394,0.0119,4.91e-06,0.325,0.486,123.07,213309.0,4,9,2018,"3,449,298","656,926,852"
Ava Max,Sweet but Psycho,82.0,0.72,0.706,1.0,-4.719,1,0.0473,0.0684,,0.166,0.62,133.002,187436.0,4,9,2018,"9,554,049","1,254,501,233"
Pop Smoke,For The Night (feat. Lil Baby & DaBaby),87.0,0.823,0.586,6.0,-6.606,0,0.2,0.114,,0.193,0.347,125.971,190476.0,4,9,2020,"6,283,245","767,399,825"
Arctic Monkeys,I Wanna Be Yours,80.0,0.464,0.417,,-9.345,0,0.0256,0.136,0.022,0.0974,0.479,67.528,183956.0,4,10,2013,"1,268,458","109,538,379"
Alessia Cara,Scars To Your Beautiful,80.0,0.319,0.739,,-5.74,1,0.272,0.0285,,0.111,0.449,194.169,230227.0,4,9,2015,"9,930,759","710,718,042"
Soulja Boy,She Make It Clap,37.0,0.938,0.463,1.0,-13.124,1,0.479,0.035,0.00652,0.1,0.46,119.878,1.86035,4,9,2021,"645,841","22,158,547"
Doja Cat,Say So,84.0,0.787,0.673,11.0,-4.577,0,0.158,0.256,3.57e-06,0.0904,0.786,110.962,237893.0,4,9,2019,"10,069,968","879,051,516"
Drake,Laugh Now Cry Later (feat. Lil Durk),86.0,0.761,0.518,,-8.871,1,0.134,0.244,3.47e-05,0.107,0.522,133.976,261493.0,4,9,2020,"5,525,087","645,367,972"
Parmalee,Take My Name,65.0,0.559,0.66,7.0,-4.143,1,0.0512,0.222,,0.193,0.574,163.957,2.631783333,4,4,2021,"116,035","13,919,928"
SyKo,#BrooklynBloodPop!,79.0,0.691,0.814,1.0,-3.788,0,0.117,0.0164,,0.366,0.509,132.012,145611.0,4,9,2020,"3,983,154","247,178,404"
Chris Stapleton,You Should Probably Leave,76.0,0.602,0.477,9.0,-8.425,1,0.032,0.268,3.1e-05,0.173,0.552,183.89,213493.0,4,1,2020,"657,247","116,140,773"
Linkin Park,Numb,82.0,0.496,0.863,9.0,-4.153,1,0.0381,0.0046,,0.639,0.243,110.018,185587.0,4,10,2003,"15,462,896","2,450,982,330"
Childish Gambino,Redbone,83.0,0.743,0.347,1.0,-11.174,1,0.121,0.167,0.00951,0.103,0.572,160.143,326933.0,4,9,2016,"7,755,679","887,924,965"
Imagine Dragons,Thunder,83.0,0.605,0.822,,-4.833,1,0.0438,0.00671,0.134,0.147,0.288,167.997,187147.0,4,9,2017,"16,780,231","2,707,166,590"
MEDUZA,Lose Control,83.0,0.598,0.526,10.0,-8.659,0,0.0415,0.129,,0.14,0.529,123.935,168387.0,4,9,2019,"4,053,612","412,062,322"
StarBoi3,Dick (feat. Doja Cat),85.0,0.647,0.608,9.0,-6.831,1,0.42,0.13,,0.0584,0.474,125.994,175238.0,4,9,2021,"1,242,250","76,319,678"
Nelly Furtado,Promiscuous,82.0,0.808,0.97,10.0,-6.098,0,0.0506,0.0569,6.13e-05,0.154,0.868,114.328,242293.0,4,9,2006,"4,900,990","810,297,837"
The Weeknd,Save Your Tears (with Ariana Grande) (Remix),94.0,0.65,0.825,,-4.645,1,0.0325,0.0215,2.44e-05,0.0936,0.593,118.091,191014.0,4,9,2020,"4,302,435","385,884,628"
Tai Verdes,Stuck in the Middle,69.0,0.872,0.501,9.0,-8.909,1,0.0468,0.371,,0.0939,0.848,119.964,196000.0,4,9,2020,"429,911","23,355,896"
Ofenbach,Wasted Love (feat. Lagique),87.0,0.734,0.855,6.0,-4.578,0,0.135,0.0821,4.73e-06,0.0901,0.54,121.955,139563.0,4,9,2021,"440,351","67,488,485"
Olivia Rodrigo,deja vu,95.0,0.439,0.61,9.0,-7.236,1,0.116,0.593,1.07e-05,0.341,0.172,181.088,215508.0,4,9,2021,"7,847,239","638,102,695"
Ed Sheeran,Afterglow,85.0,0.641,0.324,11.0,-5.851,1,0.0299,0.698,,0.328,0.273,110.184,185487.0,4,9,2020,"2,212,191","183,828,202"
X Ambassadors,Renegades,77.0,0.526,0.862,2.0,-6.003,1,0.0905,0.0144,0.0597,0.229,0.528,90.052,195200.0,4,10,2015,"3,162,813","492,974,141"
Bella Poarch,Build a Bitch,90.0,0.855,0.463,3.0,-7.454,1,0.0367,0.217,1.77e-05,0.347,0.866,102.931,2.04621667,4,9,2021,"13,396,525","575,228,171"
Kendrick Lamar,DNA.,78.0,0.638,0.523,1.0,-6.664,1,0.357,0.00454,,0.0842,0.422,139.913,185947.0,4,5,2017,"3,573,193","356,343,325"
AJR,Bang!,65.0,0.74,0.517,1.0,-6.233,0,0.0506,0.0183,,0.0558,0.698,139.917,170858.0,4,10,2020,"1,822,530","140,168,452"
Morgan Wallen,Chasin' You,76.0,0.631,0.591,7.0,-5.785,1,0.0277,0.657,,0.11,0.489,97.074,3.424216667,4,4,2018,"1,101,498","255,780,709"
Eminem,'Till I Collapse,84.0,0.548,0.847,1.0,-3.237,1,0.186,0.0622,,0.0816,0.1,171.447,297787.0,4,5,2002,"10,918,289","1,463,549,979"
Chris Stapleton,Starting Over,73.0,0.638,0.538,10.0,-8.445,1,0.0315,0.452,0.000415,0.0695,0.318,89.124,240413.0,4,10,2020,"850,627","174,357,045"
MEDUZA,Piece Of Your Heart,81.0,0.677,0.744,10.0,-6.806,0,0.0295,0.0404,0.00016,0.074,0.631,124.08,152913.0,4,9,2019,"4,586,152","464,369,299"
Bishop Briggs,River,75.0,0.733,0.477,2.0,-6.737,0,0.0687,0.302,2.97e-06,0.0579,0.545,62.507,216133.0,4,10,2016,"8,058,632","566,895,107"
Juice WRLD,Wishing Well,85.0,0.65,0.613,9.0,-6.13,0,0.128,0.00336,,0.267,0.0804,149.972,194621.0,4,9,2020,"4,349,040","419,337,114"
The Strokes,The Adults Are Talking,80.0,0.593,0.749,5.0,-5.67,1,0.0475,0.0113,0.106,0.314,0.649,164.959,309053.0,4,6,2020,"1,716,915","161,335,622"
$uicideboy$,"...And To Those I Love, Thanks For Sticking Around",79.0,0.792,0.511,2.0,-6.876,1,0.0409,0.124,9.04e-05,0.14,0.111,113.983,168490.0,4,5,2020,"3,292,285","269,460,083"
Linkin Park,One Step Closer,76.0,0.492,0.969,9.0,-4.419,1,0.0491,0.0014,1.32e-06,0.0787,0.538,95.136,157333.0,4,8,2024,,
Ava Max,Kings & Queens,84.0,0.637,0.69,1.0,-4.057,0,0.0405,0.00786,,0.124,0.457,129.857,162399.0,4,9,2020,"6,208,902","627,987,518"
Majestic,Rasputin,88.0,0.758,0.913,6.0,-2.926,0,0.113,0.00364,6.92e-05,0.193,0.658,128.04,186210.0,4,9,2021,"645,892","68,681,033"
Julia Michaels,Issues,72.0,0.67,0.415,8.0,-6.855,1,0.0786,0.39,,0.0617,0.445,114.212,176320.0,4,9,2017,"3,284,811","333,612,581"
Sia,Elastic Heart,71.0,0.421,0.791,9.0,-4.998,1,0.0496,0.0117,1.48e-05,0.146,0.499,130.075,257200.0,4,9,2011,"7,268,122","1,537,848,233"
Rod Wave,Tombstone,75.0,0.55,0.637,8.0,-5.212,1,0.163,0.597,,0.129,0.535,84.448,160078.0,4,5,2021,"1,699,888","192,748,584"
Kungs,Never Going Home,20.0,0.836,0.846,,-4.673,1,0.0392,0.0907,0.047,0.057,0.942,122.042,169945.0,4,9,2021,"580,798","87,407,927"
Migos,Straightenin,79.0,0.847,0.629,9.0,-5.81,1,0.102,0.0318,,0.152,0.109,135.976,255532.0,4,5,2021,"1,541,456","158,341,543"
Riton,Friday (feat. Mufasa & Hypeman) - Dopamine Re-Edit,94.0,0.824,0.862,2.0,-3.424,1,0.126,0.0076,0.000132,0.303,0.801,122.98,169153.0,4,9,2021,"285,558","43,045,405"
Dennis Lloyd,Nevermind,40.0,0.601,0.69,5.0,-8.339,0,0.201,0.162,1.29e-05,0.409,0.0795,99.984,156600.0,4,9,2016,"1,207,787","180,977,641"
Billie Eilish,Your Power,93.0,0.634,0.285,9.0,-14.007,0,0.0807,0.937,0.000359,0.232,0.203,129.65,245897.0,4,9,2021,"4,244,477","170,437,339"
Coldplay,The Scientist,83.0,0.557,0.442,5.0,-7.224,1,0.0243,0.731,1.46e-05,0.11,0.213,146.277,309600.0,4,10,2002,"10,131,009","1,864,046,384"
Kendrick Lamar,Money Trees,71.0,0.716,0.531,7.0,-7.355,1,0.122,0.0703,,0.224,0.344,71.994,386907.0,4,9,2012,"3,054,056","385,175,377"
Sam Cooke,Bring It On Home to Me,68.0,0.523,0.402,,-8.233,1,0.0305,0.778,,0.432,0.675,70.863,162533.0,4,10,2024,,
Taylor Swift,You Need To Calm Down,80.0,0.771,0.671,2.0,-5.617,1,0.0553,0.00929,,0.0637,0.714,85.026,171360.0,4,9,2019,"5,982,989","437,794,062"
Megan Thee Stallion,Thot Shit,88.0,0.95,0.693,9.0,-3.424,1,0.0898,0.0133,,0.173,0.891,130.02,3.07725,4,9,2021,"2,497,154","166,781,349"
Moneybagg Yo,Wockesha,75.0,0.582,0.537,,-9.229,1,0.619,0.129,,0.0749,0.771,82.103,180930.0,4,5,2021,"1,456,308","168,383,616"
BTS,Dynamite,89.0,0.746,0.765,6.0,-4.41,0,0.0993,0.0112,,0.0936,0.737,114.044,199054.0,4,9,2020,"62,311,179","2,638,957,320"
AURORA,Runaway,89.0,0.422,0.302,11.0,-9.214,1,0.0372,0.629,7.83e-05,0.104,0.123,114.089,248827.0,4,1,2015,"18,300,103","959,919,759"
Lil Peep,Falling Down - Bonus Track,82.0,0.669,0.574,4.0,-6.442,0,0.0286,0.0175,0.00294,0.146,0.273,120.013,196400.0,4,5,2018,"5,703,867","402,381,959"
Adele,Send My Love (To Your New Lover),71.0,0.691,0.51,6.0,-9.217,0,0.0878,0.0347,3.32e-06,0.182,0.515,164.055,223079.0,4,9,2015,"6,246,988","997,993,764"
Imagine Dragons,Follow You,87.0,0.542,0.732,9.0,-5.956,1,0.0521,0.00209,7.92e-05,0.496,0.489,124.912,175644.0,4,10,2021,"2,209,078","186,582,105"
Shouse,Love Tonight - Edit,85.0,0.727,0.681,5.0,-7.114,0,0.0265,0.00214,0.000307,0.0861,0.448,123.028,4.03283333,4,9,2017,,
James Arthur,Rewrite The Stars (with James Arthur & Anne-Marie),74.0,0.67,0.743,10.0,-4.993,1,0.0393,0.237,,0.465,0.571,125.944,218293.0,4,9,2018,"6,416,562","867,818,629"
24kGoldn,Mood (feat. iann dior),91.0,0.701,0.716,7.0,-3.671,0,0.0361,0.174,,0.324,0.732,91.007,140533.0,4,9,2020,"10,795,292","747,126,783"
Eyedress,Jealous,71.0,0.474,0.921,9.0,-10.431,0,0.0457,0.00491,0.859,0.476,0.696,93.007,2.038983333,4,9,2019,"2,069,625","100,552,408"
Nelly,Lil Bit,79.0,0.707,0.689,4.0,-7.097,0,0.0387,0.0255,,0.383,0.41,119.987,195962.0,4,9,2020,"451,406","47,811,498"
XXXTENTACION,Revenge,77.0,0.746,0.251,11.0,-16.169,0,0.259,0.782,0.00203,0.106,0.18,139.999,120027.0,4,5,2017,"1,012,321","74,514,608"
Portugal. The Man,Feel It Still,78.0,0.801,0.795,1.0,-5.115,0,0.0504,0.0417,0.000113,0.0717,0.754,79.028,163253.0,4,10,2017,"5,008,418","563,059,238"
Calvin Harris,One Kiss (with Dua Lipa),82.0,0.791,0.862,9.0,-3.24,0,0.11,0.037,2.19e-05,0.0814,0.592,123.994,214847.0,4,9,2015,"8,723,122","1,256,080,361"
Gera MX,Botella Tras Botella,13.0,0.727,0.546,,-4.572,1,0.0437,0.656,,0.122,0.69,106.891,197333.0,4,9,2021,"7,617,641","895,962,908"
XXXTENTACION,Fuck Love (feat. Trippie Redd),82.0,0.797,0.533,,-9.74,0,0.0412,0.0172,0.000152,0.103,0.329,131.036,146520.0,4,5,2017,"6,471,385","515,463,883"
Ava Max,My Head & My Heart,88.0,0.614,0.934,9.0,-3.709,0,0.07,0.0697,,0.121,0.436,116.001,174760.0,4,9,2020,"2,892,320","312,305,062"
Passenger,Let Her Go,74.0,0.509,0.538,7.0,-7.335,1,0.0572,0.385,,0.104,0.244,75.089,252867.0,4,9,2012,"18,261,574","3,967,431,755"
Arctic Monkeys,Why'd You Only Call Me When You're High?,62.0,0.691,0.631,2.0,-6.478,1,0.0368,0.0483,1.13e-05,0.104,0.8,92.004,2.6854,4,9,2013,"5,344,645","527,397,003"
MGMT,Little Dark Age,80.0,0.705,0.712,6.0,-6.156,1,0.0385,0.0102,0.000855,0.1,0.62,97.512,299960.0,4,9,2017,"5,836,318","409,991,163"
Erica Banks,Buss It,78.0,0.956,0.502,9.0,-5.995,1,0.213,0.0593,,0.238,0.795,110.003,187000.0,4,5,2020,"1,294,275","114,367,853"
Dhee,Enjoy Enjaami,71.0,0.856,0.709,3.0,-7.432,0,0.222,0.349,0.000209,0.225,0.856,110.009,279500.0,4,9,2021,"5,379,716","549,781,386"
Pink Sweat$,At My Worst,76.0,0.813,0.415,,-5.926,1,0.0349,0.777,,0.131,0.667,91.921,2.83908333,4,9,2020,"4,862,491","537,033,479"
Ashnikko,Daisy,80.0,0.834,0.663,8.0,-6.143,1,0.133,0.235,,0.372,0.774,121.876,146523.0,4,9,2020,"3,846,027","231,541,575"
Cardi B,Up,90.0,0.868,0.795,11.0,-6.044,1,0.269,0.0012,0.0193,0.0461,0.819,166.0,156945.0,4,9,2021,"6,266,644","496,850,951"
Florida Georgia Line,Cruise,74.0,0.457,0.948,10.0,-3.364,1,0.0354,0.0191,,0.0536,0.878,148.0,3.482666667,4,4,2012,"34,063","2,801,769"
Olivia Rodrigo,brutal,51.0,0.672,0.526,4.0,-6.446,1,0.0599,0.0311,1.37e-06,0.28,0.28,123.999,143747.0,4,9,2021,"3,536,634","147,309,966"
Mustard,Ballin' (with Roddy Ricch),81.0,0.809,0.545,7.0,-6.678,1,0.0735,0.392,,0.151,0.244,97.008,180435.0,4,5,2019,"3,400,085","372,311,322"
Bo Burnham,Bezos I,84.0,0.694,0.948,2.0,-5.307,1,0.0361,0.00936,1.62e-05,0.139,0.705,115.044,0.96915,4,9,2021,"1,632,194","76,742,047"
THE ANXIETY,Meet Me At Our Spot,71.0,0.773,0.47,2.0,-7.93,1,0.0299,0.0153,0.000193,0.0851,0.399,94.995,162680.0,4,6,2020,"4,102","280,056"
Los Legendarios,Fiel,95.0,0.849,0.701,6.0,-4.407,0,0.06,0.407,,0.112,0.505,98.005,261667.0,4,9,2021,"2,089,382","357,508,658"
Pooh Shiesty,Back In Blood (feat. Lil Durk),82.0,0.759,0.538,8.0,-8.256,0,0.384,0.151,,0.126,0.831,146.933,184490.0,4,5,2020,"3,072,709","477,876,565"
Rae Sremmurd,Black Beatles,75.0,0.794,0.632,,-6.163,1,0.0649,0.142,,0.128,0.355,145.926,291893.0,4,5,2016,"9,750,786","1,178,473,071"
Travis Scott,HIGHEST IN THE ROOM,86.0,0.598,0.427,7.0,-8.764,0,0.0317,0.0546,5.83e-06,0.21,0.0605,76.469,175721.0,4,5,2019,"9,308,268","925,241,514"
Steve Lacy,Dark Red,73.0,0.603,0.783,6.0,-4.023,1,0.062,0.449,7.96e-06,0.119,0.775,172.041,173104.0,4,6,2017,"1,969,610","152,580,618"
Eminem,"Lose Yourself - From ""8 Mile"" Soundtrack",76.0,0.686,0.735,2.0,-4.616,1,0.264,0.00921,0.00066,0.342,0.0596,171.355,322227.0,4,5,2002,"9,892,246","1,360,758,976"
Avicii,Wake Me Up,85.0,0.532,0.783,2.0,-5.697,1,0.0523,0.0038,0.0012,0.161,0.643,124.08,247427.0,4,9,2013,"17,924,466","3,214,634,614"
Harry Styles,Sign of the Times,82.0,0.516,0.595,5.0,-4.63,1,0.0313,0.0275,,0.109,0.222,119.972,340707.0,4,9,2017,"15,452,150","1,799,935,129"
Conan Gray,Heather,88.0,0.357,0.425,5.0,-7.301,1,0.0333,0.584,,0.322,0.27,102.078,198040.0,3,9,2020,"3,143,644","138,807,824"
Lady Gaga,Rain On Me (with Ariana Grande),82.0,0.672,0.855,9.0,-3.764,1,0.0397,0.021,,0.323,0.646,123.056,182200.0,4,9,2020,"6,465,409","514,581,598"
Moneybagg Yo,Time Today,77.0,0.912,0.608,1.0,-7.686,1,0.397,0.0458,,0.248,0.327,136.994,136900.0,4,5,2021,"1,028,822","109,977,159"
Nirvana,Smells Like Teen Spirit,82.0,0.502,0.912,1.0,-4.556,1,0.0564,2.55e-05,0.000173,0.106,0.72,116.761,301920.0,4,10,2015,"14,288,920","1,932,243,086"
Kings of Leon,Sex on Fire,82.0,0.542,0.905,9.0,-5.653,1,0.054,0.00172,0.0104,0.136,0.374,153.398,203347.0,4,10,2008,"3,402,940","683,904,891"
Two Feet,I Feel Like I'm Drowning,76.0,0.717,0.577,8.0,-5.436,1,0.0491,0.708,0.00428,0.0899,0.235,104.927,185520.0,3,1,2017,"4,550,650","395,172,100"
The Neighbourhood,Sweater Weather,87.0,0.612,0.807,10.0,-2.81,1,0.0336,0.0495,0.0177,0.101,0.398,124.053,4.006666667,4,9,2012,"18,338,729","1,648,485,745"
Lukas Graham,7 Years,80.0,0.765,0.473,10.0,-5.829,1,0.0514,0.287,,0.391,0.34,119.992,237300.0,4,9,2015,"17,104,498","2,155,590,787"
The White Stripes,Seven Nation Army,83.0,0.726,0.463,,-7.828,1,0.0799,0.00817,0.447,0.255,0.321,123.881,231733.0,4,6,2003,"4,052,894","339,571,990"
Lana Del Rey,Young And Beautiful,78.0,0.324,0.416,11.0,-8.92,0,0.0368,0.262,3.69e-05,0.11,0.151,113.986,236053.0,4,10,2013,"5,562,953","721,653,474"
Eminem,Godzilla (feat. Juice WRLD),85.0,0.808,0.745,10.0,-5.26,0,0.342,0.145,,0.292,0.829,165.995,210800.0,4,5,2020,"10,293,443","657,464,189"
Dirty Heads,Vacation,74.0,0.736,0.751,8.0,-5.588,1,0.034,0.0381,,0.105,0.839,150.064,3.495366667,4,9,2017,"2,249,067","157,050,046"
DJ Khaled,POPSTAR (feat. Drake),84.0,0.8,0.56,5.0,-4.818,0,0.261,0.057,,0.134,0.45,163.071,200221.0,4,9,2020,"4,775,085","384,597,914"
The Black Keys,Tighten Up,62.0,0.517,0.711,6.0,-5.84,0,0.0627,0.000763,7.15e-06,0.568,0.582,108.846,211336.0,4,6,2020,,
Imagine Dragons,Wrecked,83.0,0.626,0.56,,-5.82,0,0.0288,0.148,1.51e-05,0.109,0.229,93.989,4.06675,4,9,2021,"1,545,728","199,356,851"
Doja Cat,Streets,92.0,0.749,0.463,11.0,-8.433,1,0.0828,0.208,0.0371,0.337,0.19,90.028,226987.0,4,5,2019,"8,269,225","702,463,556"
Arctic Monkeys,Do I Wanna Know?,85.0,0.548,0.532,5.0,-7.596,1,0.0323,0.186,0.000263,0.217,0.405,85.03,272394.0,4,6,2013,"4,610,448","457,550,865"
Tom Grennan,Little Bit of Love,81.0,0.689,0.706,1.0,-4.48,0,0.0312,0.0833,,0.105,0.623,106.52,226268.0,4,9,2021,"597,354","96,711,789"
Sarah Cothran,As the World Caves In,84.0,0.372,0.255,7.0,-6.834,1,0.0344,0.436,,0.33,0.254,114.402,2.69355,1,9,2021,"3,891,055","161,956,855"
Creedence Clearwater Revival,Have You Ever Seen The Rain,78.0,0.741,0.697,,-7.028,1,0.0277,0.0664,2.28e-05,0.133,0.774,116.109,160133.0,4,10,2023,,
Juice WRLD,Come & Go (with Marshmello),84.0,0.625,0.814,,-5.181,1,0.0657,0.0172,,0.158,0.535,144.991,205485.0,4,9,2020,"1,681,113","135,893,380"
Twenty One Pilots,Ride,82.0,0.645,0.713,6.0,-5.355,1,0.0393,0.00835,,0.113,0.566,74.989,214507.0,4,10,2015,"14,628,417","1,832,805,733"
Black Eyed Peas,RITMO (Bad Boys For Life),79.0,0.721,0.716,10.0,-7.037,0,0.0657,0.0334,0.00084,0.237,0.667,104.994,221714.0,4,9,2019,"7,547,115","1,188,737,111"
Red Hot Chili Peppers,Californication,81.0,0.592,0.767,9.0,-2.788,0,0.027,0.0021,0.00165,0.127,0.328,96.483,329733.0,4,10,1999,"7,781,636","1,518,596,886"
DNCE,Cake By The Ocean,80.0,0.774,0.753,4.0,-5.446,0,0.0517,0.152,,0.0371,0.896,119.002,219147.0,4,9,2012,"2,069,073","205,204,907"
Ariana Grande,positions,89.0,0.737,0.802,,-4.771,1,0.0878,0.468,,0.0931,0.682,144.015,172325.0,4,9,2020,"10,401,273","778,340,255"
Royal & the Serpent,Overwhelmed,75.0,0.804,0.323,,-11.127,0,0.305,0.308,,0.15,0.456,87.019,159293.0,4,9,2020,"497,747","14,575,452"
DJ Khaled,GREECE (feat. Drake),81.0,0.695,0.343,5.0,-10.798,1,0.0432,0.0743,1.04e-06,0.107,0.229,85.84,218902.0,4,5,2020,"863,485","96,900,581"
Drake,Toosie Slide,80.0,0.834,0.454,1.0,-9.75,0,0.201,0.321,6.15e-06,0.114,0.837,81.618,247059.0,4,9,2020,"5,604,031","507,137,305"
Russ,3:15 (Breathe),34.0,0.451,0.627,8.0,-4.59,1,0.127,0.591,0.00958,0.118,0.77,74.69,184000.0,4,5,2021,"1,415,230","153,123,397"
PlayaPhonk,PHONKY TOWN,79.0,0.804,0.803,1.0,-4.673,1,0.346,0.409,0.786,0.119,0.339,125.0,2.356233333,4,9,2021,"938,464","79,195,534"
Stromae,Alors on danse,80.0,0.791,0.59,1.0,-9.206,0,0.0793,0.0994,0.00203,0.065,0.714,119.951,3.43445,4,9,2009,"6,839,325","852,637,099"
Ed Sheeran,Perfect,86.0,0.599,0.448,8.0,-6.312,1,0.0232,0.163,,0.106,0.168,95.05,263400.0,3,9,2017,"39,632,673","6,473,698,897"
Coldplay,Adventure of a Lifetime,75.0,0.638,0.924,7.0,-3.887,1,0.036,0.00205,0.000175,0.149,0.53,111.995,263787.0,4,9,2015,"7,658,837","1,713,268,429"
Lil Nas X,MONTERO (Call Me By Your Name),100.0,0.61,0.508,8.0,-6.682,0,0.152,0.297,,0.384,0.758,178.818,137876.0,4,9,2021,"3,603,644","274,582,854"
Lil Baby,We Paid (feat. 42 Dugg),78.0,0.926,0.542,1.0,-5.064,1,0.293,0.135,,0.0877,0.564,135.14,181929.0,4,5,2020,"3,069,325","507,681,327"
Edith Whiskers,Home,76.0,0.725,0.199,2.0,-12.478,1,0.0357,0.982,0.00395,0.1,0.264,120.031,195359.0,4,9,2020,"1,206,503","97,046,738"
Ed Sheeran,Beautiful People (feat. Khalid),80.0,0.64,0.648,5.0,-8.113,0,0.187,0.124,,0.0802,0.548,92.977,197867.0,4,9,2019,"4,748,135","634,929,672"
Taylor Swift,exile (feat. Bon Iver),79.0,0.298,0.38,6.0,-8.426,1,0.0287,0.778,5.62e-05,0.11,0.152,75.602,285634.0,4,9,2020,"1,468,017","144,150,389"
Harry Styles,Watermelon Sugar,90.0,0.548,0.816,,-4.209,1,0.0465,0.122,,0.335,0.557,95.39,174000.0,4,9,2019,"11,269,126","872,052,223"
Capital Cities,Safe And Sound,81.0,0.655,0.819,,-4.852,1,0.0316,0.000176,0.00374,0.104,0.766,117.956,192790.0,5,10,2012,"3,222,924","291,434,533"
Elle King,Drunk (And I Don't Wanna Go Home),76.0,0.612,0.884,5.0,-4.4,1,0.0459,0.00516,,0.0997,0.626,119.991,245626.0,4,10,2021,"589,638","72,494,045"
dhruv,double take,85.0,0.663,0.434,8.0,-11.177,1,0.0648,0.828,,0.249,0.225,109.075,2.86238333,4,9,2019,"2,826,209","353,174,602"
Jamie Miller,Here's Your Perfect,84.0,0.558,0.454,6.0,-5.335,1,0.0551,0.499,,0.146,0.424,113.12,2.64323333,4,9,2021,"3,317,953","349,432,726"
Justin Bieber,Hold On,89.0,0.658,0.634,1.0,-5.797,0,0.0413,0.0106,,0.132,0.29,139.98,170813.0,4,9,2021,"3,672,693","255,815,308"
Zoe Wees,Control,78.0,0.599,0.465,4.0,-4.95,1,0.0314,0.643,1.57e-06,0.149,0.0678,113.82,230880.0,4,9,2020,"2,528,574","246,089,222"
DUSTY LOCANE,ROLLIN N CONTROLLIN FREESTYLE,80.0,0.69,0.514,8.0,-11.81,0,0.328,0.0975,0.497,0.346,0.307,72.791,191209.0,4,5,2020,"840,510","66,414,830"
DJ Snake,Turn Down for What,73.0,0.818,0.799,1.0,-4.1,0,0.156,0.00107,0.128,0.057,0.0815,100.014,213733.0,4,9,2013,"11,897,425","1,350,062,601"
Migos,Slippery (feat. Gucci Mane),72.0,0.92,0.674,1.0,-5.662,0,0.264,0.307,,0.104,0.741,141.967,304041.0,4,5,2017,"913,087","115,314,262"
The Weeknd,In Your Eyes,84.0,0.667,0.719,7.0,-5.371,0,0.0346,0.00285,8.1e-05,0.0736,0.717,100.021,237520.0,4,9,2020,"2,132,781","166,787,290"
The Kid LAROI,SO DONE,78.0,0.719,0.598,9.0,-6.254,1,0.077,0.232,,0.115,0.303,142.592,126521.0,4,5,2020,"1,060,419","63,666,862"
Pop Smoke,The Woo (feat. 50 Cent & Roddy Ricch),81.0,0.49,0.618,1.0,-5.655,1,0.104,0.0221,3.77e-06,0.259,0.286,99.7,201600.0,4,5,2020,"2,717,884","303,897,464"
Imagine Dragons,Believer,87.0,0.776,0.78,10.0,-4.374,0,0.128,0.0622,,0.081,0.666,124.949,204347.0,4,10,2017,"42,240,881","4,495,059,988"
H.E.R.,Come Through (feat. Chris Brown),82.0,0.615,0.422,5.0,-8.019,0,0.0504,0.604,,0.112,0.185,135.859,214094.0,5,9,2021,"1,128,489","103,030,772"
Charlie Puth,We Don't Talk Anymore (feat. Selena Gomez),80.0,0.728,0.563,1.0,-8.053,0,0.134,0.621,,0.179,0.352,100.017,217707.0,4,9,2015,"23,086,917","3,951,663,770"
Calvin Harris,How Deep Is Your Love,78.0,0.738,0.868,11.0,-4.373,0,0.0731,0.0392,0.00169,0.388,0.336,122.003,212640.0,4,9,2015,"8,520,003","1,961,319,809"
Rauw Alejandro,Todo De Ti,95.0,0.78,0.718,3.0,-3.605,0,0.0506,0.31,0.000163,0.0932,0.342,127.949,3.32673333,4,9,2021,"6,108,611","873,449,363"
Olivia Rodrigo,drivers license,95.0,0.585,0.436,10.0,-8.761,1,0.0601,0.721,1.31e-05,0.105,0.132,143.874,242014.0,4,9,2021,"18,682,671","984,811,734"
Lil Tjay,Run It Up (feat. Offset & Moneybagg Yo),84.0,0.88,0.575,6.0,-6.091,1,0.163,0.415,,0.109,0.671,120.031,232048.0,4,5,2021,"1,246,093","96,203,913"
Lil Durk,Still Trappin' (with King Von),77.0,0.877,0.677,5.0,-4.969,0,0.356,0.0439,,0.0986,0.627,144.941,172185.0,4,5,2020,"1,019,305","90,527,434"
Nathan Evans,Wellerman - Sea Shanty / 220 KID x Billen Ted Remix,89.0,0.722,0.893,,-3.255,0,0.0475,0.0441,0.000937,0.0673,0.439,119.932,116750.0,4,9,2021,"173,156","17,782,969"
Sada Baby,Whole Lotta Choppas,65.0,0.926,0.762,1.0,-1.887,1,0.205,0.000718,,0.117,0.277,127.931,153750.0,4,9,2020,"574,179","39,808,873"
KALEO,Way down We Go,80.0,0.489,0.505,10.0,-8.022,0,0.117,0.579,0.000333,0.104,0.337,163.255,213707.0,4,10,2015,"8,009,540","836,662,907"
Foster The People,Pumped Up Kicks,84.0,0.733,0.71,5.0,-5.849,0,0.0292,0.145,0.115,0.0956,0.965,127.975,239600.0,4,9,2010,"5,713,061","599,930,123"
Riton,Turn Me On (feat. Vula),78.0,0.737,0.828,11.0,-4.711,1,0.0396,0.0149,0.000588,0.0862,0.517,124.051,208474.0,4,9,2019,"518,058","60,323,387"
Tate McRae,you broke me first,89.0,0.667,0.373,4.0,-9.389,1,0.05,0.785,,0.0906,0.0823,124.148,169266.0,4,9,2020,"7,820,244","706,284,693"
Olivia Rodrigo,happier,49.0,0.395,0.443,6.0,-9.72,1,0.133,0.765,9.67e-06,0.0839,0.338,168.924,175933.0,3,9,2021,"3,883,946","352,845,171"
Surf Curse,Freaks,88.0,0.345,0.941,9.0,-9.918,1,0.0466,3.84e-05,0.633,0.0511,0.407,179.626,2.45103333,4,9,2021,"4,601,685","256,738,121"
Imagine Dragons,Natural,81.0,0.704,0.611,2.0,-6.112,1,0.0409,0.217,,0.0812,0.22,100.0,189467.0,4,10,2018,"10,953,316","1,220,581,919"
John Legend,All of Me,86.0,0.422,0.264,8.0,-7.064,1,0.0322,0.922,,0.132,0.331,119.93,269560.0,4,9,2012,"17,820,289","3,064,193,777"
ITZY,WANNABE,77.0,0.809,0.911,6.0,-4.41,0,0.0617,0.00795,0.000179,0.181,0.64,122.035,191242.0,4,9,2020,"8,414,274","731,488,947"
Nio Garcia,Am,93.0,0.83,0.517,6.0,-6.416,0,0.333,0.399,8.95e-05,0.0916,0.616,171.959,182496.0,4,9,2021,"3,934,415","668,095,711"
Luke Combs,Beer Never Broke My Heart,2.0,0.54,0.863,1.0,-4.483,1,0.0481,0.0138,,0.0874,0.64,77.0,3.112216667,4,4,2019,"639,927","147,127,840"
Calum Scott,Dancing On My Own,82.0,0.681,0.174,1.0,-8.745,1,0.0315,0.837,3.35e-05,0.0983,0.231,112.672,260285.0,4,9,2016,"4,889,435","823,692,209"
The Chainsmokers,Something Just Like This,83.0,0.617,0.635,11.0,-6.769,0,0.0317,0.0498,1.44e-05,0.164,0.446,103.019,247160.0,4,9,2017,"15,242,846","2,822,804,239"
DaBaby,Ball If I Want To,84.0,0.902,0.669,1.0,-5.049,1,0.457,0.161,,0.0728,0.628,139.949,1.875783333,4,9,2021,"1,101,053","70,627,607"
Marshmello,Here With Me,76.0,0.791,0.565,5.0,-3.933,0,0.0439,0.0623,,0.156,0.181,99.961,156347.0,4,9,2019,"2,621,667","211,922,060"
Coldplay,Higher Power,85.0,0.507,0.828,10.0,-6.023,1,0.0449,0.00711,2.44e-05,0.261,0.489,178.032,211295.0,4,1,2021,"1,529,839","137,534,459"
Ed Sheeran,Bad Habits,97.0,0.808,0.897,11.0,-3.712,0,0.0348,0.0469,3.14e-05,0.364,0.591,126.026,3.85068333,4,9,2020,"7,686,994","958,790,883"
Juice WRLD,Bad Boy (with Young Thug),80.0,0.697,0.674,1.0,-6.326,1,0.0533,0.00215,,0.138,0.198,81.535,157355.0,4,5,2021,"258,435","16,271,248"
Aya Nakamura,Copines,80.0,0.701,0.787,8.0,-3.941,0,0.0855,0.27,,0.105,0.904,180.027,171720.0,4,9,2018,"7,300,331","793,025,740"
Sub Urban,Freak (feat. REI AMI),75.0,0.619,0.45,7.0,-11.965,0,0.515,0.433,,0.513,0.41,179.755,194000.0,4,10,2020,"4,970,570","282,087,862"
Travis Scott,FRANCHISE (feat. Young Thug & M.I.A.),77.0,0.835,0.699,8.0,-5.405,0,0.277,0.00671,,0.195,0.547,154.981,202795.0,4,9,2020,"2,529,783","179,207,995"
Elle King,Ex's & Oh's,72.0,0.612,0.921,7.0,-2.882,1,0.085,0.0183,,0.0576,0.446,139.988,202173.0,4,9,2014,"2,821,803","317,068,971"
Doja Cat,Ain't Shit,89.0,0.855,0.488,3.0,-4.601,1,0.208,0.506,,0.347,0.619,124.097,2.904216667,4,9,2021,"2,179,826","154,979,267"
George Ezra,Budapest,78.0,0.717,0.455,5.0,-8.303,1,0.0276,0.0846,,0.11,0.389,127.812,200733.0,4,9,2013,"1,528,733","265,620,751"
Luke Combs,She Got the Best of Me,75.0,0.533,0.907,11.0,-3.793,1,0.0406,0.0292,,0.386,0.7,150.99,3.052666667,4,4,2018,"1,376,330","358,325,972"
Rod Wave,Street Runner,75.0,0.613,0.61,5.0,-8.633,0,0.246,0.211,0.000361,0.152,0.433,160.004,252021.0,4,5,2021,"1,746,888","296,510,850"
Disclosure,Latch,72.0,0.503,0.727,1.0,-5.456,1,0.167,0.0159,9.45e-05,0.0895,0.521,121.985,255632.0,4,9,2013,"3,417,150","569,083,040"
Linkin Park,In the End,83.0,0.556,0.864,3.0,-5.87,0,0.0584,0.00958,,0.209,0.4,105.143,216880.0,4,10,2024,,
Dynoro,In My Mind,81.0,0.694,0.77,6.0,-5.335,1,0.149,0.176,1.1e-05,0.118,0.163,125.905,184560.0,4,9,2017,"14,105,895","1,652,679,786"
Imagine Dragons,Demons,80.0,0.505,0.71,3.0,-3.015,1,0.0321,0.19,0.00025,0.269,0.428,89.938,177507.0,4,10,2012,"12,375,429","1,738,647,396"
Luke Bryan,Country Girl (Shake It For Me),70.0,0.645,0.904,2.0,-4.532,1,0.0462,0.0293,,0.0834,0.671,105.97,3.759333333,4,4,2011,"1,072,108","192,327,944"
Dan + Shay,"10,000 Hours (with Justin Bieber)",84.0,0.654,0.63,10.0,-4.644,1,0.0259,0.153,,0.111,0.43,89.991,167693.0,4,9,2019,"3,836,505","361,854,211"
Regard,You,85.0,0.691,0.695,,-5.6,1,0.0367,0.0592,,0.0647,0.514,106.064,233386.0,4,9,2021,"505,563","63,377,694"
LMFAO,Party Rock Anthem,73.0,0.751,0.736,5.0,-4.168,0,0.156,0.0206,,0.265,0.352,130.014,262147.0,4,9,2011,"13,879,113","2,681,563,789"
Darius Rucker,Wagon Wheel,78.0,0.537,0.66,9.0,-7.174,1,0.0296,0.455,,0.135,0.574,148.096,4.972883333,4,4,2013,"2,402,463","563,826,762"
Taylor Swift,Delicate,77.0,0.75,0.404,9.0,-10.178,0,0.0682,0.216,0.000357,0.0911,0.0499,95.045,232253.0,4,9,2017,"4,837,607","593,364,271"
Lady Gaga,Stupid Love,77.0,0.68,0.825,8.0,-4.296,1,0.0702,0.00173,0.000122,0.27,0.784,117.987,193533.0,4,9,2020,"2,080,748","192,582,605"
Lil Baby,On Me,,0.856,0.564,6.0,-6.295,0,0.392,0.00327,,0.134,0.483,77.972,135960.0,4,5,2020,"1,554,044","227,182,263"
Ashnikko,Slumber Party (feat. Princess Nokia),86.0,0.964,0.398,11.0,-8.981,0,0.0795,0.00151,3.95e-05,0.101,0.563,105.012,178405.0,4,10,2021,"1,939,007","112,087,139"
Jessie J,Bang Bang,79.0,0.706,0.786,,-3.417,0,0.091,0.26,,0.38,0.751,150.028,199387.0,4,9,2014,"3,114,933","321,959,140"
WALK THE MOON,Shut Up and Dance,81.0,0.578,0.866,1.0,-3.804,1,0.0619,0.00701,,0.257,0.619,128.038,199080.0,4,10,2011,"4,181,978","679,433,670"
YBN Nahmir,Opp Stoppa (feat. 21 Savage),78.0,0.829,0.343,2.0,-4.937,0,0.102,0.00734,,0.179,0.312,78.035,135431.0,4,5,2021,"935,278","62,144,315"
Vacations,Young,78.0,0.498,0.81,7.0,-4.065,1,0.0263,0.00392,0.00717,0.0635,0.594,79.935,189160.0,4,9,2016,"1,803,716","105,282,082"
The Weeknd,The Hills,86.0,0.585,0.564,,-7.063,0,0.0515,0.0671,,0.135,0.137,113.003,242253.0,4,9,2015,"15,819,333","2,404,495,013"
Miley Cyrus,Prisoner (feat. Dua Lipa),83.0,0.781,0.67,3.0,-3.912,0,0.0452,0.0103,,0.0761,0.595,127.99,169333.0,4,9,2020,"2,182,645","156,172,635"
Rudimental,"These Days (feat. Jess Glynne, Macklemore & Dan Caplen)",77.0,0.653,0.809,,-4.057,1,0.0474,0.194,,0.165,0.55,92.213,210773.0,4,9,2018,"3,320,463","705,027,078"
ATB,Your Love (9PM),91.0,0.669,0.784,7.0,-5.603,1,0.112,0.194,6.28e-06,0.115,0.517,125.993,150053.0,4,9,2021,"952,700","118,729,044"
Brett Young,In Case You Didn't Know,75.0,0.607,0.536,10.0,-7.306,1,0.0305,0.386,,0.102,0.434,147.986,3.74755,4,4,2016,"4,288,539","861,165,099"
Ritt Momney,Put Your Records On,6.0,0.399,0.492,6.0,-10.777,0,0.0538,0.058,0.00101,0.11,0.159,91.066,3.507716667,4,9,2020,"705,508","50,025,071"
The Lumineers,Ophelia,79.0,0.664,0.573,5.0,-6.519,1,0.0277,0.613,0.000363,0.0857,0.566,76.023,160097.0,4,9,2016,"2,081,752","267,224,710"
Empire of the Sun,Walking On A Dream,78.0,0.871,0.701,5.0,-5.594,0,0.0458,0.257,7.52e-06,0.0589,0.716,126.975,198440.0,4,6,2008,"2,513,872","326,484,288"
Justin Bieber,Lonely (with benny blanco),84.0,0.631,0.239,11.0,-7.071,0,0.0398,0.864,,0.116,0.0927,79.859,149297.0,4,9,2020,"5,627,099","236,628,412"
Imagine Dragons,Whatever It Takes,80.0,0.672,0.655,10.0,-5.021,0,0.0311,0.0362,,0.117,0.556,134.945,201240.0,4,10,2017,"7,815,307","1,192,880,501"
Jonas Brothers,Only Human,75.0,0.795,0.496,,-5.883,1,0.0722,0.108,,0.0645,0.874,94.01,183000.0,4,9,2019,"1,457,926","136,979,542"
Lil Tjay,Calling My Phone,89.0,0.907,0.393,4.0,-7.636,0,0.0539,0.451,1.35e-06,0.135,0.202,104.949,205458.0,4,9,2021,"5,431,785","482,028,631"
Joel Corry,BED,89.0,0.671,0.782,6.0,-4.593,1,0.0341,0.0142,0.00221,0.333,0.618,123.989,178088.0,4,9,2021,"280,740","55,185,277"
Justin Bieber,Love Yourself,,0.759,0.401,4.0,-8.999,1,0.259,0.86,,0.299,0.576,100.126,232627.0,4,9,2015,"11,828,484","2,154,325,842"
Maroon 5,Memories,87.0,0.764,0.32,11.0,-7.209,1,0.0546,0.837,,0.0822,0.575,91.019,189486.0,4,9,2019,"11,720,744","1,290,292,327"
Thomas Rhett,Die A Happy Man,74.0,0.595,0.389,2.0,-9.245,1,0.0349,0.418,1.39e-06,0.116,0.4,166.052,3.79045,4,4,2015,"1,138,264","281,739,663"
Charlie Puth,One Call Away,71.0,0.667,0.613,1.0,-5.353,1,0.0344,0.403,,0.115,0.47,91.024,194453.0,4,9,2015,"6,042,733","975,631,232"
Harry Styles,Falling,86.0,0.567,0.267,4.0,-6.502,1,0.0299,0.839,1.46e-06,0.089,0.0592,110.011,240133.0,4,9,2019,"5,355,909","308,365,869"
Money Man,24 (feat. Lil Baby),75.0,0.868,0.638,2.0,-7.746,1,0.0736,0.146,0.0565,0.0931,0.459,126.03,182857.0,4,5,2020,"1,114,310","131,372,042"
Bruno Mars,Just The Way You Are,79.0,0.637,0.843,5.0,-5.413,1,0.0432,0.0151,,0.0876,0.434,109.012,220733.0,4,9,2010,"10,649,958","2,218,318,671"
Bad Wolves,Zombie,70.0,0.448,0.826,2.0,-3.244,0,0.0319,0.00756,,0.117,0.19,77.093,254805.0,4,10,2018,"1,407,929","133,338,318"
ElyOtto,SugarCrash!,86.0,0.748,0.734,,-6.499,1,0.124,0.524,1.15e-05,0.0975,0.368,97.753,80081.0,4,9,2020,"1,363,987","55,994,716"
Clairo,Sofia,83.0,0.744,0.619,,-9.805,1,0.039,0.598,0.00372,0.231,0.641,112.997,188387.0,4,10,2019,"2,336,018","168,855,750"
Juice WRLD,Smile (with The Weeknd),78.0,0.694,0.685,6.0,-6.535,0,0.133,0.224,,0.124,0.306,158.831,196180.0,4,9,2020,"1,671,937","130,269,657"
Black Eyed Peas,GIRL LIKE ME,86.0,0.965,0.485,2.0,-8.784,1,0.191,0.0206,0.0237,0.0655,0.312,124.025,222523.0,4,9,2020,"5,811,346","791,895,421"
Joji,Yeah Right,80.0,0.672,0.588,1.0,-9.573,1,0.133,0.619,0.241,0.0992,0.204,169.033,174358.0,4,6,2018,"2,598,192","222,319,540"
YungManny,Clap For 'Em (feat. Flo Milli & Sada Baby),69.0,0.903,0.785,1.0,-4.709,1,0.322,0.0245,,0.0652,0.823,129.835,125580.0,4,9,2021,"19,492","1,198,045"
Alan Walker,On My Way,76.0,0.509,0.689,1.0,-4.929,0,0.102,0.0209,,0.301,0.297,170.087,193798.0,4,9,2019,"11,599,426","665,558,958"
Maroon 5,Girls Like You,,0.609,0.529,,-6.859,1,0.106,0.545,,0.127,0.474,60.349,235680.0,4,9,2017,"21,725,999","3,623,407,739"
SHAED,Trampoline,75.0,0.619,0.459,7.0,-5.782,0,0.0334,0.56,,0.137,0.498,126.803,184280.0,4,10,2018,"1,364,046","96,307,326"
American Authors,Best Day Of My Life,79.0,0.673,0.902,2.0,-2.392,1,0.0346,0.0591,0.000262,0.0558,0.538,100.012,194240.0,4,10,2013,"3,326,207","349,753,696"
Meghan Trainor,All About That Bass,73.0,0.807,0.887,9.0,-3.726,1,0.0503,0.0573,2.87e-06,0.124,0.961,134.052,187920.0,4,9,2014,"10,672,692","2,725,121,387"
Guns N' Roses,Sweet Child O' Mine,81.0,0.454,0.91,6.0,-7.766,1,0.0448,0.0866,0.0996,0.116,0.629,125.116,5.90866667,4,10,1987,"11,222,080","2,007,460,784"
Olivia Rodrigo,favorite crime,92.0,0.369,0.272,9.0,-10.497,1,0.0364,0.866,,0.147,0.218,172.929,2.54445,4,9,2021,"2,303,100","168,012,952"
Shawn Mendes,Mercy,79.0,0.555,0.662,11.0,-4.952,0,0.0827,0.125,,0.111,0.356,148.128,208733.0,4,9,2016,"5,996,722","602,907,962"
Pop Smoke,Mood Swings (feat. Lil Tjay),84.0,0.48,0.602,10.0,-6.335,0,0.368,0.487,,0.0848,0.269,179.798,213333.0,4,5,2020,"5,578,060","654,629,596"
Panic! At The Disco,High Hopes,82.0,0.579,0.904,5.0,-2.729,1,0.0618,0.193,,0.064,0.681,82.014,190947.0,4,10,2018,"2,509,207","284,427,491"
Dua Lipa,Physical,72.0,0.647,0.844,,-3.756,1,0.0457,0.0137,0.000658,0.102,0.746,146.962,193829.0,4,9,2020,"4,489,378","570,687,048"
